, Rhinolophus darlingi,Chaerephon ansorgei,Chaerephon pumulis,Hipposideros caffer,Miniopterus natalensis,Mop condylurus,Mops midas,Myotis tricolor,Neoromicia capensis,Neoromicia nana,Neoromicia zuluensis,Pipistrellus rusticus,Rhinolophus clivosus,Rhinolophus simulator,Rhinolophus smithersi,Scotophilus dinganii,Tadarida aegyptiaca,Taphozous mauritiana
2TPC,0,69,187,0,27,55,50,2,49,0,16,0,0,0,2,178,323,6
2TPGL,0,155,401,0,58,236,67,4,146,1,8,1,0,0,1,119,778,14
KOAC,0,150,0,0,44,2126,123,1,1026,0,191,0,1,4,0,5,1666,179
KOAGL,0,98,0,0,35,1966,26,1,2344,7,18,0,0,0,0,28,4063,1162
LWC,0,33,48,0,40,31,24,1,9,1,1,0,0,0,0,53,184,0
LWGL,0,97,459,0,6,590,62,0,40,1,3,0,0,0,0,191,657,20
MWC,0,55,176,0,17,131,304,8,27,0,9,0,0,0,1,238,253,7
MWGL,0,43,668,0,17,673,13,16,129,0,32,1,0,0,0,427,587,29
PPC,5,8,0,1,125,776,252,1,499,0,43,2,0,3,0,16,317,19
PPGL,0,34,0,0,282,1429,59,0,1008,0,349,0,0,2,0,65,1060,162
PV2C,0,24,133,0,43,79,19,0,42,0,10,0,0,0,0,74,137,17
PV2GL,0,34,169,0,86,98,33,5,72,3,22,1,0,0,1,183,180,19
RRMC,0,610,0,0,104,916,274,0,486,0,793,0,0,217,0,97,1966,203
RRMGL,0,627,0,0,51,809,403,0,376,0,130,0,0,111,0,53,2411,302
