Code,Treatment,Point,AveGH
RRM,Adjacent savanna,1,28
RRM,Adjacent savanna,2,30.5
RRM,Adjacent savanna,3,26.5
RRM,Adjacent savanna,4,19
RRM,Adjacent savanna,5,49.5
RRM,Adjacent savanna,6,31.5
RRM,Adjacent savanna,7,47.5
RRM,Adjacent savanna,8,34.5
RRM,Adjacent savanna,9,35
RRM,Adjacent savanna,10,40.5
RRM,Adjacent savanna,11,33.5
RRM,Adjacent savanna,12,45
RRM,Adjacent savanna,13,34.5
RRM,Adjacent savanna,14,34.5
RRM,Adjacent savanna,15,35
RRM,Adjacent savanna,16,51.5
RRM,Adjacent savanna,17,36.5
RRM,Adjacent savanna,18,49.5
RRM,Adjacent savanna,19,46.5
RRM,Adjacent savanna,20,24.5
RRM,Adjacent savanna,21,38.5
RRM,Adjacent savanna,22,43
RRM,Adjacent savanna,23,29.5
RRM,Adjacent savanna,24,39
RRM,Adjacent savanna,25,29.5
RRM,Adjacent savanna,26,32
RRM,Adjacent savanna,27,36
RRM,Adjacent savanna,28,41
RRM,Adjacent savanna,29,32.5
RRM,Adjacent savanna,30,30.5
PP,Adjacent savanna,1,60.5
PP,Adjacent savanna,2,65.5
PP,Adjacent savanna,3,42.5
PP,Adjacent savanna,4,49.5
PP,Adjacent savanna,5,59.5
PP,Adjacent savanna,6,52.5
PP,Adjacent savanna,7,68.5
PP,Adjacent savanna,8,61
PP,Adjacent savanna,9,59.5
PP,Adjacent savanna,10,82
PP,Adjacent savanna,11,58
PP,Adjacent savanna,12,58.5
PP,Adjacent savanna,13,39
PP,Adjacent savanna,14,70
PP,Adjacent savanna,15,79.5
PP,Adjacent savanna,16,43
PP,Adjacent savanna,17,47
PP,Adjacent savanna,18,74.5
PP,Adjacent savanna,19,69.5
PP,Adjacent savanna,20,37
PP,Adjacent savanna,21,70.5
PP,Adjacent savanna,22,65.5
PP,Adjacent savanna,23,79.5
PP,Adjacent savanna,24,44.5
PP,Adjacent savanna,25,50
PP,Adjacent savanna,26,46.5
PP,Adjacent savanna,27,47.5
PP,Adjacent savanna,28,49
PP,Adjacent savanna,29,62
PP,Adjacent savanna,30,50.5
KOA,Adjacent savanna,1,46
KOA,Adjacent savanna,2,67.5
KOA,Adjacent savanna,3,47.5
KOA,Adjacent savanna,4,56.5
KOA,Adjacent savanna,5,56.5
KOA,Adjacent savanna,6,69.5
KOA,Adjacent savanna,7,49.5
KOA,Adjacent savanna,8,58.5
KOA,Adjacent savanna,9,63.5
KOA,Adjacent savanna,10,50.5
KOA,Adjacent savanna,11,57.5
KOA,Adjacent savanna,12,48
KOA,Adjacent savanna,13,62.5
KOA,Adjacent savanna,14,61.5
KOA,Adjacent savanna,15,66.5
KOA,Adjacent savanna,16,67.5
KOA,Adjacent savanna,17,55.5
KOA,Adjacent savanna,18,64.5
KOA,Adjacent savanna,19,62.5
KOA,Adjacent savanna,20,85.5
KOA,Adjacent savanna,21,50.5
KOA,Adjacent savanna,22,60.5
KOA,Adjacent savanna,23,77.5
KOA,Adjacent savanna,24,68
KOA,Adjacent savanna,25,61
KOA,Adjacent savanna,26,59
KOA,Adjacent savanna,27,63.5
KOA,Adjacent savanna,28,79.5
KOA,Adjacent savanna,29,60.5
KOA,Adjacent savanna,30,69
2TP,Adjacent savanna,1,19.5
2TP,Adjacent savanna,2,17
2TP,Adjacent savanna,3,24.5
2TP,Adjacent savanna,4,34.5
2TP,Adjacent savanna,5,53.5
2TP,Adjacent savanna,6,44
2TP,Adjacent savanna,7,24.5
2TP,Adjacent savanna,8,20.5
2TP,Adjacent savanna,9,38
2TP,Adjacent savanna,10,35
2TP,Adjacent savanna,11,54
2TP,Adjacent savanna,12,13.5
2TP,Adjacent savanna,13,34
2TP,Adjacent savanna,14,41.5
2TP,Adjacent savanna,15,27
2TP,Adjacent savanna,16,31.5
2TP,Adjacent savanna,17,47.5
2TP,Adjacent savanna,18,42
2TP,Adjacent savanna,19,26.5
2TP,Adjacent savanna,20,24
2TP,Adjacent savanna,21,24.5
2TP,Adjacent savanna,22,21.5
2TP,Adjacent savanna,23,33.5
2TP,Adjacent savanna,24,9.5
2TP,Adjacent savanna,25,28
2TP,Adjacent savanna,26,31.5
2TP,Adjacent savanna,27,23
2TP,Adjacent savanna,28,20.5
2TP,Adjacent savanna,29,27
2TP,Adjacent savanna,30,70
PV2,Adjacent savanna,1,48.5
PV2,Adjacent savanna,2,48.5
PV2,Adjacent savanna,3,47.5
PV2,Adjacent savanna,4,46.5
PV2,Adjacent savanna,5,36
PV2,Adjacent savanna,6,39
PV2,Adjacent savanna,7,80.5
PV2,Adjacent savanna,8,32
PV2,Adjacent savanna,9,44
PV2,Adjacent savanna,10,27.5
PV2,Adjacent savanna,11,41
PV2,Adjacent savanna,12,36
PV2,Adjacent savanna,13,62.5
PV2,Adjacent savanna,14,31
PV2,Adjacent savanna,15,35
PV2,Adjacent savanna,16,62
PV2,Adjacent savanna,17,37.5
PV2,Adjacent savanna,18,31.5
PV2,Adjacent savanna,19,36.5
PV2,Adjacent savanna,20,36
PV2,Adjacent savanna,21,44.5
PV2,Adjacent savanna,22,58
PV2,Adjacent savanna,23,49
PV2,Adjacent savanna,24,51
PV2,Adjacent savanna,25,44
PV2,Adjacent savanna,26,69.5
PV2,Adjacent savanna,27,63
PV2,Adjacent savanna,28,52
PV2,Adjacent savanna,29,43
PV2,Adjacent savanna,30,51
LW,Adjacent savanna,1,46.5
LW,Adjacent savanna,2,44
LW,Adjacent savanna,3,47
LW,Adjacent savanna,4,64.5
LW,Adjacent savanna,5,45
LW,Adjacent savanna,6,31.5
LW,Adjacent savanna,7,51
LW,Adjacent savanna,8,48.5
LW,Adjacent savanna,9,53
LW,Adjacent savanna,10,46.5
LW,Adjacent savanna,11,38.5
LW,Adjacent savanna,12,51
LW,Adjacent savanna,13,37
LW,Adjacent savanna,14,39
LW,Adjacent savanna,15,28
LW,Adjacent savanna,16,54
LW,Adjacent savanna,17,52.5
LW,Adjacent savanna,18,49
LW,Adjacent savanna,19,38.5
LW,Adjacent savanna,20,38
LW,Adjacent savanna,21,39.5
LW,Adjacent savanna,22,44.5
LW,Adjacent savanna,23,64
LW,Adjacent savanna,24,49
LW,Adjacent savanna,25,33.5
LW,Adjacent savanna,26,58.5
LW,Adjacent savanna,27,56
LW,Adjacent savanna,28,46.5
LW,Adjacent savanna,29,55
LW,Adjacent savanna,30,59.5
MW,Adjacent savanna,1,50.5
MW,Adjacent savanna,2,13
MW,Adjacent savanna,3,44.5
MW,Adjacent savanna,4,59
MW,Adjacent savanna,5,32.5
MW,Adjacent savanna,6,61.5
MW,Adjacent savanna,7,38
MW,Adjacent savanna,8,62.5
MW,Adjacent savanna,9,69.5
MW,Adjacent savanna,10,37.5
MW,Adjacent savanna,11,43.5
MW,Adjacent savanna,12,27.5
MW,Adjacent savanna,13,23
MW,Adjacent savanna,14,44.5
MW,Adjacent savanna,15,44
MW,Adjacent savanna,16,53.5
MW,Adjacent savanna,17,59.5
MW,Adjacent savanna,18,28
MW,Adjacent savanna,19,48
MW,Adjacent savanna,20,33
MW,Adjacent savanna,21,64
MW,Adjacent savanna,22,52.5
MW,Adjacent savanna,23,56.5
MW,Adjacent savanna,24,68.5
MW,Adjacent savanna,25,52
MW,Adjacent savanna,26,48.5
MW,Adjacent savanna,27,26.5
MW,Adjacent savanna,28,26.5
MW,Adjacent savanna,29,38
MW,Adjacent savanna,30,48
RRM,Grazing lawn,1,7.5
RRM,Grazing lawn,2,8
RRM,Grazing lawn,3,6.5
RRM,Grazing lawn,4,7.5
RRM,Grazing lawn,5,11.5
RRM,Grazing lawn,6,13
RRM,Grazing lawn,7,12
RRM,Grazing lawn,8,8
RRM,Grazing lawn,9,5.5
RRM,Grazing lawn,10,12
RRM,Grazing lawn,11,6.5
RRM,Grazing lawn,12,5
RRM,Grazing lawn,13,9
RRM,Grazing lawn,14,18.5
RRM,Grazing lawn,15,10
RRM,Grazing lawn,16,8.5
RRM,Grazing lawn,17,12
RRM,Grazing lawn,18,14.5
RRM,Grazing lawn,19,10
RRM,Grazing lawn,20,7
RRM,Grazing lawn,21,10
RRM,Grazing lawn,22,13
RRM,Grazing lawn,23,8
RRM,Grazing lawn,24,18.5
RRM,Grazing lawn,25,10.5
RRM,Grazing lawn,26,8.5
RRM,Grazing lawn,27,5
RRM,Grazing lawn,28,3.5
RRM,Grazing lawn,29,4
RRM,Grazing lawn,30,8
PP,Grazing lawn,1,5
PP,Grazing lawn,2,8.5
PP,Grazing lawn,3,8
PP,Grazing lawn,4,6
PP,Grazing lawn,5,7
PP,Grazing lawn,6,7
PP,Grazing lawn,7,8.5
PP,Grazing lawn,8,6.5
PP,Grazing lawn,9,5
PP,Grazing lawn,10,5
PP,Grazing lawn,11,6
PP,Grazing lawn,12,5.5
PP,Grazing lawn,13,5.5
PP,Grazing lawn,14,6.5
PP,Grazing lawn,15,6.5
PP,Grazing lawn,16,11.5
PP,Grazing lawn,17,11
PP,Grazing lawn,18,14.5
PP,Grazing lawn,19,8
PP,Grazing lawn,20,9.5
PP,Grazing lawn,21,8
PP,Grazing lawn,22,5
PP,Grazing lawn,23,4.5
PP,Grazing lawn,24,4
PP,Grazing lawn,25,5
PP,Grazing lawn,26,7.5
PP,Grazing lawn,27,4
PP,Grazing lawn,28,3
PP,Grazing lawn,29,3.5
PP,Grazing lawn,30,3.5
KOA,Grazing lawn,1,5.5
KOA,Grazing lawn,2,8
KOA,Grazing lawn,3,6.5
KOA,Grazing lawn,4,5.5
KOA,Grazing lawn,5,6.5
KOA,Grazing lawn,6,4.5
KOA,Grazing lawn,7,7.5
KOA,Grazing lawn,8,7.5
KOA,Grazing lawn,9,5.5
KOA,Grazing lawn,10,6.5
KOA,Grazing lawn,11,4
KOA,Grazing lawn,12,4
KOA,Grazing lawn,13,5
KOA,Grazing lawn,14,4
KOA,Grazing lawn,15,4
KOA,Grazing lawn,16,5.5
KOA,Grazing lawn,17,4
KOA,Grazing lawn,18,4
KOA,Grazing lawn,19,4
KOA,Grazing lawn,20,4
KOA,Grazing lawn,21,5
KOA,Grazing lawn,22,4.5
KOA,Grazing lawn,23,5.5
KOA,Grazing lawn,24,6.5
KOA,Grazing lawn,25,6.5
KOA,Grazing lawn,26,6.5
KOA,Grazing lawn,27,5
KOA,Grazing lawn,28,5
KOA,Grazing lawn,29,5
KOA,Grazing lawn,30,6
2TP,Grazing lawn,1,3.5
2TP,Grazing lawn,2,4.5
2TP,Grazing lawn,3,3.5
2TP,Grazing lawn,4,4
2TP,Grazing lawn,5,3
2TP,Grazing lawn,6,4.5
2TP,Grazing lawn,7,6
2TP,Grazing lawn,8,4
2TP,Grazing lawn,9,1.5
2TP,Grazing lawn,10,5.5
2TP,Grazing lawn,11,3.5
2TP,Grazing lawn,12,4.5
2TP,Grazing lawn,13,3.5
2TP,Grazing lawn,14,5
2TP,Grazing lawn,15,4.5
2TP,Grazing lawn,16,4
2TP,Grazing lawn,17,3.5
2TP,Grazing lawn,18,2
2TP,Grazing lawn,19,3.5
2TP,Grazing lawn,20,6.5
2TP,Grazing lawn,21,6
2TP,Grazing lawn,22,5
2TP,Grazing lawn,23,9.5
2TP,Grazing lawn,24,6.5
2TP,Grazing lawn,25,4.5
2TP,Grazing lawn,26,5
2TP,Grazing lawn,27,3
2TP,Grazing lawn,28,3
2TP,Grazing lawn,29,4.5
2TP,Grazing lawn,30,4
PV2,Grazing lawn,1,5
PV2,Grazing lawn,2,5.5
PV2,Grazing lawn,3,3
PV2,Grazing lawn,4,3.5
PV2,Grazing lawn,5,7.5
PV2,Grazing lawn,6,3.5
PV2,Grazing lawn,7,3
PV2,Grazing lawn,8,5
PV2,Grazing lawn,9,5.5
PV2,Grazing lawn,10,4
PV2,Grazing lawn,11,2
PV2,Grazing lawn,12,5
PV2,Grazing lawn,13,4
PV2,Grazing lawn,14,4.5
PV2,Grazing lawn,15,2.5
PV2,Grazing lawn,16,4
PV2,Grazing lawn,17,4.5
PV2,Grazing lawn,18,6.5
PV2,Grazing lawn,19,2.5
PV2,Grazing lawn,20,3
PV2,Grazing lawn,21,3.5
PV2,Grazing lawn,22,3
PV2,Grazing lawn,23,2
PV2,Grazing lawn,24,5.5
PV2,Grazing lawn,25,10
PV2,Grazing lawn,26,10
PV2,Grazing lawn,27,5.5
PV2,Grazing lawn,28,8
PV2,Grazing lawn,29,3.5
PV2,Grazing lawn,30,3.5
LW,Grazing lawn,1,3.5
LW,Grazing lawn,2,4
LW,Grazing lawn,3,6.5
LW,Grazing lawn,4,2
LW,Grazing lawn,5,5
LW,Grazing lawn,6,5.5
LW,Grazing lawn,7,4.5
LW,Grazing lawn,8,4
LW,Grazing lawn,9,5
LW,Grazing lawn,10,4
LW,Grazing lawn,11,6
LW,Grazing lawn,12,5.5
LW,Grazing lawn,13,4
LW,Grazing lawn,14,3
LW,Grazing lawn,15,3.5
LW,Grazing lawn,16,4
LW,Grazing lawn,17,4
LW,Grazing lawn,18,4
LW,Grazing lawn,19,6.5
LW,Grazing lawn,20,4
LW,Grazing lawn,21,5.5
LW,Grazing lawn,22,4.5
LW,Grazing lawn,23,3
LW,Grazing lawn,24,2.5
LW,Grazing lawn,25,2.5
LW,Grazing lawn,26,1.5
LW,Grazing lawn,27,2.5
LW,Grazing lawn,28,4
LW,Grazing lawn,29,6.5
LW,Grazing lawn,30,3.5
MW,Grazing lawn,1,7.5
MW,Grazing lawn,2,4.5
MW,Grazing lawn,3,3.5
MW,Grazing lawn,4,3.5
MW,Grazing lawn,5,4.5
MW,Grazing lawn,6,4
MW,Grazing lawn,7,3.5
MW,Grazing lawn,8,5.5
MW,Grazing lawn,9,7.5
MW,Grazing lawn,10,3
MW,Grazing lawn,11,6
MW,Grazing lawn,12,6.5
MW,Grazing lawn,13,4.5
MW,Grazing lawn,14,3.5
MW,Grazing lawn,15,4.5
MW,Grazing lawn,16,6.5
MW,Grazing lawn,17,6.5
MW,Grazing lawn,18,5
MW,Grazing lawn,19,4.5
MW,Grazing lawn,20,3.5
MW,Grazing lawn,21,8.5
MW,Grazing lawn,22,2.5
MW,Grazing lawn,23,2.5
MW,Grazing lawn,24,5
MW,Grazing lawn,25,3.5
MW,Grazing lawn,26,4.5
MW,Grazing lawn,27,2
MW,Grazing lawn,28,2
MW,Grazing lawn,29,2.5
MW,Grazing lawn,30,3.5
