,MAR,API,API 1,API 2,ARA,BLA,BOS,BOS 1,BOS 2,BRA,BRA 1,BRA 2,BRA 3,BRA 4,BRA 5,CAR,CEC,CEC 1,CEC 2,CER,CER 1,CER 2,CER 3,CER 4,CER 5,CHA,CHA 1,CHA 2,CHD,CHI,CHI 1,CHI 10,CHI 11,CHI 12,CHI 13,CHI 14,CHI 15,CHI 16,CHI 2,CHI 3,CHI 4,CHI 5,CHI 6,CHI 7,CHI 8,CHI 9,CHR,CIC,CIC 1,CIC 2,CIC 3,CIC 4,CIC 5,CIC 6,COL,COL 1,COL 10,COL 11,COL 12,COL 2,COL 3,COL 4,COL 5,COL 6,COL 7,COL 8,COL 9,CUL,CUR,DER,DIP,DIP 1,DIP 2,DIP 3,DIP 4,DIP 5,DIP 6,DIP 7,DIP 8,DRO,FOR,FOR 1,FOR 2,FOR 3,FUL,HEM,HIS,HYM,HYM 1,HYM 2,HYM 3,LEP 1,LEP 10,LEP 11,LEP 12,LEP 13,LEP 14,LEP 15,LEP 16,LEP 17,LEP 18,LEP 2,LEP 3,LEP 4,LEP 5,LEP 6,LEP 7,LEP 8,LEP 9,LYG,MAN,MAN 1,MAN 2,MEL,MIR,MIR 1,MIR 2,MIR 3,MIR 4,MIR 5,MUS,MUS ,MYC,NOC,PSL,PSO,PSY,PTE,RED,SCA,SCA 1,SCA 2,SCA 3,SCI,SCI 1,SCI 2,SCI 3,SCI 4,SCI 5,SCI 6,SCI 7,SCI 8,SCI 9,STA,STA 1,STA 2,STA 3,STA 4,TET,THY,TIP,TIP 1,TIP 2,TIP 3,TIP 4,TRI 1,TRI 2
2TPC,0,0,0,0,0,0,0,0,0,0,0.002004008,0.001002004,0,0,0,0,0,0,0,0,0.001002004,0.001002004,0.001002004,0.002004008,0.002004008,0.004008016,0,0,0,0,0.006012024,0,0,0,0,0,0,0,0.004008016,0.26252505,0.05511022,0.044088176,0.00501002,0.041082164,0.001002004,0.001002004,0,0.039078156,0,0,0,0,0,0,0,0.00501002,0,0,0,0.001002004,0.001002004,0.001002004,0,0,0,0,0,0,0,0,0,0.001002004,0.002004008,0.004008016,0.001002004,0.002004008,0.001002004,0.001002004,0.031062124,0,0,0.019038076,0.002004008,0.001002004,0,0,0.001002004,0,0,0,0,0.016032064,0.002004008,0.002004008,0.002004008,0.001002004,0.003006012,0.002004008,0.001002004,0.003006012,0.001002004,0.028056112,0.003006012,0.004008016,0.002004008,0.002004008,0.001002004,0.001002004,0.002004008,0,0,0,0,0,0,0.001002004,0.002004008,0,0,0,0,0,0.001002004,0,0,0.001002004,0,0,0,0,0.004008016,0.003006012,0,0,0.069138277,0.03006012,0.023046092,0.118236473,0.02004008,0.062124248,0.016032064,0.004008016,0.009018036,0.003006012,0,0,0,0,0,0.00501002,0,0.001002004,0.001002004,0.003006012,0,0,0
2TPGL,0.001447178,0,0,0,0,0,0,0,0,0,0.001447178,0.000723589,0.000723589,0.000723589,0.000723589,0.000723589,0,0.000723589,0.015195369,0,0.000723589,0.000723589,0.001447178,0,0,0,0.001447178,0.000723589,0,0,0.120839363,0.009406657,0.005065123,0.001447178,0.00723589,0.047033285,0,0,0.025325615,0.007959479,0.002894356,0.099855282,0.042691751,0.012301013,0.00723589,0.000723589,0,0,0.005065123,0.001447178,0,0,0,0,0,0.002170767,0,0,0,0.000723589,0.000723589,0.000723589,0.000723589,0,0,0,0,0.000723589,0,0.000723589,0,0.002894356,0.002170767,0.000723589,0.000723589,0.000723589,0.000723589,0.000723589,0.017366136,0,0,0,0,0,0,0,0,0,0,0,0,0.032561505,0,0,0,0,0,0,0,0,0,0.001447178,0.000723589,0.002170767,0.007959479,0.002170767,0.002170767,0.000723589,0,0,0,0,0,0,0,0.003617945,0.004341534,0.000723589,0.000723589,0,0.000723589,0,0.000723589,0,0,0,0.007959479,0,0,0,0.005788712,0.000723589,0.000723589,0,0.34804631,0.001447178,0.059334298,0.044862518,0,0,0,0,0,0,0.002170767,0.000723589,0.000723589,0,0,0.004341534,0,0.000723589,0.002170767,0.002894356,0,0,0
LTKOAC,0,0,0,0,0,0,0,0,0,0,0,0,0,0,0,0,0,0,0,0,0,0,0,0,0,0,0,0,0,0,0.147826087,0,0,0,0,0,0,0,0.008695652,0,0,0,0,0,0,0,0,0,0.008695652,0.008695652,0,0,0,0,0,0,0,0,0,0,0,0,0,0,0,0,0,0,0,0,0,0.008695652,0.008695652,0.026086957,0.008695652,0,0,0,0,0,0,0,0,0,0,0,0,0,0.017391304,0.008695652,0.008695652,0.008695652,0,0,0,0,0,0,0,0,0,0.008695652,0.008695652,0.008695652,0.017391304,0,0,0,0,0,0,0,0,0,0,0,0,0,0,0,0,0,0,0,0,0,0,0,0,0.043478261,0,0,0,0,0.008695652,0.07826087,0.347826087,0.060869565,0.139130435,0,0,0,0,0,0,0,0,0,0,0,0.008695652,0,0,0,0,0,0
LTKOAGL,0,0,0,0,0,0,0,0,0,0,0.010050251,0.045226131,0.015075377,0,0,0,0,0,0,0.005025126,0,0,0,0,0,0,0,0,0,0,0.226130653,0,0,0,0,0,0,0,0.025125628,0.090452261,0.040201005,0.050251256,0.030150754,0,0,0,0,0,0.020100503,0.005025126,0,0,0,0,0,0.035175879,0,0,0,0.010050251,0.010050251,0.005025126,0.010050251,0.010050251,0.010050251,0.005025126,0,0,0,0,0,0.005025126,0.175879397,0,0,0,0,0,0,0,0,0,0,0,0,0,0,0.005025126,0,0,0,0.010050251,0,0,0,0,0,0,0,0,0,0.015075377,0.015075377,0.005025126,0,0,0,0,0,0,0,0,0,0,0,0,0,0,0,0,0.005025126,0,0,0,0.005025126,0,0.010050251,0.005025126,0,0,0.010050251,0.010050251,0,0.020100503,0,0,0,0,0,0,0,0,0,0,0.010050251,0.005025126,0.010050251,0,0,0.010050251,0,0.005025126,0.005025126,0,0,0,0
LTPPC,0,0,0,0,0,0,0.020408163,0,0,0.020408163,0,0,0,0,0,0,0,0,0,0,0,0,0,0,0,0,0,0,0,0,0.06122449,0,0,0,0,0,0,0,0.081632653,0.040816327,0.020408163,0.040816327,0.020408163,0.020408163,0,0,0.020408163,0,0.142857143,0.040816327,0.020408163,0,0,0,0,0,0,0,0,0,0,0,0,0,0,0,0,0,0,0,0,0,0,0,0,0,0,0,0,0,0,0,0,0,0,0,0,0,0,0,0,0.040816327,0,0,0,0,0,0,0,0,0,0.06122449,0.06122449,0.020408163,0.020408163,0.040816327,0,0,0,0,0,0,0,0,0.020408163,0,0,0,0,0,0.020408163,0,0,0,0,0.020408163,0,0,0,0,0,0,0,0.06122449,0,0,0,0,0,0,0,0,0,0.06122449,0,0,0,0,0,0.020408163,0,0,0,0,0,0,0
LTPPGL,0,0.056818182,0,0,0,0,0.034090909,0,0,0,0,0,0,0,0,0,0,0,0,0,0,0,0,0,0,0.011363636,0,0,0.011363636,0,0.022727273,0,0,0,0,0,0,0,0.056818182,0.034090909,0.034090909,0.034090909,0.102272727,0,0,0,0,0,0.045454545,0.011363636,0.045454545,0,0,0,0,0.022727273,0,0,0,0.011363636,0.056818182,0.022727273,0.011363636,0,0,0,0,0,0,0,0,0.011363636,0.011363636,0.011363636,0.034090909,0.011363636,0,0,0,0,0.011363636,0,0,0,0,0,0,0.022727273,0,0,0,0.011363636,0,0,0,0,0,0,0,0,0,0.045454545,0.022727273,0.022727273,0.011363636,0.011363636,0,0,0,0,0,0,0,0,0,0,0,0,0,0,0,0,0,0.022727273,0,0,0.011363636,0,0,0,0,0,0,0,0,0,0,0,0,0,0,0,0,0.090909091,0,0,0,0,0,0,0.011363636,0,0,0,0,0,0
LTRRMC,0,0.333333333,0,0.055555556,0,0,0.027777778,0,0,0,0,0,0,0,0,0,0,0,0,0,0,0,0,0,0,0,0,0,0,0,0.027777778,0,0,0,0,0,0,0,0.027777778,0,0,0,0,0,0,0,0,0.027777778,0,0,0,0,0,0,0.055555556,0,0,0,0,0,0,0,0,0,0,0,0,0,0,0,0,0.027777778,0.027777778,0,0,0,0,0,0,0,0,0,0,0,0,0,0,0,0,0,0,0.027777778,0,0,0,0,0,0,0,0,0,0.027777778,0.138888889,0.027777778,0,0,0,0,0,0,0,0,0,0,0,0,0,0,0,0,0,0,0,0,0,0.027777778,0,0,0,0,0,0,0,0,0.055555556,0.055555556,0,0,0,0,0,0,0,0.027777778,0,0,0,0,0,0,0,0,0,0,0,0,0
LTRRMGL,0,0,0.070866142,0.220472441,0,0,0,0.015748031,0.007874016,0.007874016,0,0,0,0,0,0,0,0,0,0,0,0,0,0,0,0,0,0,0,0,0.007874016,0,0,0,0,0,0,0,0.007874016,0.015748031,0.031496063,0.031496063,0.015748031,0,0,0,0,0,0.023622047,0.015748031,0.007874016,0,0,0,0,0.015748031,0,0,0,0.015748031,0,0,0,0,0,0,0,0,0,0,0,0.118110236,0.039370079,0.015748031,0.062992126,0.007874016,0,0,0,0,0,0,0,0,0,0,0,0,0.007874016,0.007874016,0.007874016,0.078740157,0.007874016,0,0,0,0,0,0,0,0,0.007874016,0.007874016,0.007874016,0.007874016,0.007874016,0.007874016,0.007874016,0.007874016,0,0.007874016,0,0,0,0,0,0,0,0,0,0,0,0,0,0.007874016,0.007874016,0.007874016,0,0,0,0,0,0,0,0,0,0,0,0,0,0,0,0,0,0.007874016,0.023622047,0,0,0,0,0.007874016,0,0,0,0,0,0
LWC,0,0,0,0,0,0,0.000783085,0,0,0,0.000783085,0.001566171,0,0,0,0,0.000783085,0,0,0,0.000783085,0.000783085,0,0,0,0.002349256,0,0,0,0,0.413469068,0,0,0,0,0,0,0,0.300704777,0.031323414,0.003132341,0.005481597,0.007047768,0,0,0,0,0,0.001566171,0.003915427,0.000783085,0.000783085,0.003915427,0.015661707,0,0.003915427,0,0,0,0.002349256,0.000783085,0.000783085,0,0,0,0,0,0,0,0.000783085,0,0.001566171,0.001566171,0.000783085,0.024275646,0,0,0,0,0.000783085,0.003915427,0,0,0,0.000783085,0.000783085,0,0,0,0,0,0.027407987,0.000783085,0.002349256,0.001566171,0,0,0,0,0,0,0.003915427,0.001566171,0.000783085,0.000783085,0.000783085,0.000783085,0.007047768,0.001566171,0,0,0,0,0,0.000783085,0,0,0,0,0,0,0,0,0,0,0,0,0,0,0,0,0,0,0,0.01174628,0.003915427,0.046985121,0.007830854,0.003915427,0.003915427,0.003132341,0,0,0,0.025841817,0.002349256,0,0,0,0.001566171,0,0,0,0,0,0,0
LWGL,0,0,0,0,0,0,0,0,0,0.000399361,0,0,0,0,0,0,0,0,0,0,0.002396166,0.000399361,0.000798722,0.000399361,0,0.000399361,0,0,0,0,0.002795527,0.000399361,0,0,0,0,0,0,0.001996805,0.001597444,0.000798722,0.433306709,0.131389776,0.255990415,0.005990415,0.012779553,0,0,0.000399361,0.000399361,0.001597444,0.015175719,0,0,0,0.002795527,0.000399361,0.000399361,0.000399361,0.000399361,0.000399361,0.000798722,0.000399361,0.000798722,0.000399361,0.000798722,0.000399361,0,0.000399361,0.000399361,0,0.002396166,0.000399361,0.00798722,0,0,0,0,0,0,0,0.004792332,0.000399361,0.000798722,0.000399361,0,0,0,0,0,0,0.009584665,0.001597444,0.000399361,0.000399361,0.000798722,0.000399361,0.001198083,0,0,0,0.000798722,0.000798722,0.002795527,0.002795527,0.001597444,0.000798722,0.000399361,0.000399361,0.000399361,0,0,0,0,0,0.000399361,0.000399361,0.001996805,0.000399361,0,0,0.001198083,0,0,0,0.000399361,0,0,0,0,0.001597444,0.009984026,0,0,0.013578275,0.011182109,0.001198083,0.000399361,0,0,0,0,0,0,0.001198083,0.025159744,0.005591054,0,0,0,0,0.000399361,0.000399361,0.000798722,0.001198083,0.000798722,0.000798722
MWC,0,0,0,0,0,0,0.000933707,0,0,0,0,0,0,0,0,0,0,0,0,0,0.00280112,0.001867414,0,0,0,0,0,0,0,0,0.000933707,0.012138189,0.006535948,0.000933707,0,0,0,0,0.001867414,0.000933707,0.000933707,0.362278245,0.070028011,0.046685341,0.18767507,0.00280112,0,0,0.014005602,0.000933707,0.000933707,0,0,0,0,0.001867414,0,0,0,0.000933707,0.00280112,0.00280112,0.000933707,0,0,0,0,0,0,0.000933707,0,0.001867414,0.060690943,0,0,0,0,0,0,0,0.007469655,0,0,0,0,0,0,0,0,0,0,0.060690943,0.000933707,0.000933707,0.000933707,0.001867414,0.000933707,0.003734827,0.007469655,0.00280112,0.000933707,0.004668534,0.004668534,0.006535948,0.000933707,0.001867414,0.000933707,0.011204482,0.000933707,0,0,0,0,0,0,0.00280112,0.001867414,0,0,0,0,0,0,0,0,0,0,0,0,0,0.007469655,0.00280112,0.001867414,0,0.001867414,0.005602241,0.02334267,0.016806723,0.004668534,0.006535948,0,0,0,0,0.001867414,0.001867414,0.004668534,0.00280112,0,0.000933707,0,0.00280112,0.000933707,0,0,0,0
MWGL,0.000178955,0,0,0,0,0,0,0.000178955,0.000178955,0,0.000178955,0.000178955,0,0,0,0.000178955,0,0,0,0,0.000894775,0.000178955,0.000178955,0.000178955,0,0,0,0,0,0,0.000178955,0.001789549,0.00071582,0.001073729,0.005905512,0.002326414,0.001073729,0.000178955,0.001968504,0.00035791,0.489799571,0.030243379,0.026843236,0.004115963,0.012884753,0.002147459,0,0,0.000894775,0.003579098,0,0,0,0,0,0.000536865,0,0,0,0.001789549,0.00035791,0.000178955,0.000178955,0.000178955,0.000178955,0,0,0,0.000178955,0,0,0.002147459,0.001073729,0.001431639,0.000178955,0.000178955,0.000178955,0.010379384,0,0,0.001252684,0,0,0,0,0,0,0,0,0,0,0.002505369,0.000178955,0.000536865,0.000178955,0.000178955,0.00071582,0.00035791,0.000536865,0.000178955,0.000894775,0.00035791,0.001073729,0.001252684,0.00071582,0.00071582,0.00035791,0.00035791,0.000178955,0.000178955,0,0,0,0,0,0.000178955,0.00035791,0.000178955,0.000178955,0.000178955,0,0.000178955,0,0,0,0,0.006084467,0,0,0,0.000894775,0.017537581,0,0,0.293307087,0.000536865,0.01932713,0.018074445,0.003937008,0.003042233,0,0,0,0,0.001610594,0.011811024,0.001252684,0,0,0,0,0.000178955,0.00035791,0,0,0.000178955,0.000178955
PV2C,0.002169197,0,0,0,0,0,0,0,0,0,0,0,0,0,0,0,0,0,0,0,0.006507592,0.002169197,0.006507592,0,0,0,0.004338395,0.004338395,0,0,0.043383948,0,0,0,0,0,0,0,0.006507592,0.010845987,0.039045553,0.017353579,0.052060738,0,0,0,0,0,0.056399132,0.004338395,0.002169197,0,0,0,0,0.013015184,0,0,0,0.002169197,0.002169197,0.002169197,0,0,0,0,0,0,0,0,0,0.002169197,0.002169197,0.002169197,0.032537961,0,0,0,0,0,0,0,0,0,0,0,0,0,0,0,0,0.004338395,0.006507592,0.002169197,0.002169197,0,0,0,0,0,0,0.002169197,0.010845987,0.002169197,0.002169197,0.002169197,0.00867679,0.006507592,0.006507592,0,0.002169197,0,0,0,0.002169197,0,0,0,0,0,0,0,0,0,0,0,0,0,0,0,0.002169197,0.019522777,0,0,0.043383948,0.013015184,0.110629067,0.401301518,0.00867679,0,0,0,0,0.002169197,0,0,0,0,0,0.002169197,0,0.004338395,0.006507592,0.00867679,0,0,0
PV2GL,0,0,0,0,0,0.001017294,0,0,0,0,0,0,0,0,0,0,0,0,0,0,0.002034588,0.001017294,0.001017294,0,0,0,0.002034588,0.003051882,0,0,0.007121058,0.002034588,0,0,0,0,0,0,0.043743642,0.02543235,0.013224822,0.065106816,0.03560529,0.064089522,0.002034588,0.003051882,0,0,0.004069176,0.011190234,0.001017294,0.003051882,0,0,0,0.001017294,0,0,0,0.001017294,0.016276704,0.001017294,0.001017294,0.004069176,0.001017294,0,0,0,0,0,0.006103764,0,0.034587996,0,0,0,0,0,0,0,0.001017294,0,0,0,0,0,0,0,0,0,0,0.001017294,0.001017294,0.001017294,0.001017294,0,0,0,0,0,0,0.001017294,0.002034588,0.001017294,0.009155646,0.002034588,0.003051882,0.002034588,0.003051882,0,0,0,0,0,0.001017294,0,0,0,0,0,0.001017294,0,0,0,0,0.001017294,0.002034588,0,0,0.006103764,0,0,0,0,0.421159715,0.02543235,0.008138352,0.12207528,0.00508647,0.003051882,0,0,0,0,0.007121058,0.001017294,0,0,0,0.003051882,0,0.001017294,0.006103764,0,0,0,0
